
CREATE DATABASE IF NOT EXISTS VAULT DEFAULT CHARACTER SET 'utf8' COLLATE 'utf8_general_ci';

/**** CREATES ****/

CREATE TABLE VAULT.REGIONS(
    `REGION_ID` INT(2) NOT NULL auto_increment,
    `REGION_NAME` VARCHAR(50) CHARACTER SET 'utf8' COLLATE 'utf8_general_ci' NOT NULL,
    PRIMARY KEY(REGION_ID)
);

CREATE TABLE VAULT.COUNTRIES(
    `COUNTRY_ID` INT(2) NOT NULL AUTO_INCREMENT,
    `COUNTRY_NAME` VARCHAR(50) CHARACTER SET 'utf8' COLLATE 'utf8_general_ci',
    `REGION_ID` INT NOT NULL,
    PRIMARY KEY (COUNTRY_ID)
);

CREATE TABLE VAULT.LOCATIONS(
    `LOCATION_ID` INT(4) NOT NULL AUTO_INCREMENT,
    `STREET_ADDRESS` VARCHAR(100) CHARACTER SET 'utf8' COLLATE 'utf8_general_ci' NOT NULL,
    `POSTAL_CODE` VARCHAR(12) CHARACTER SET 'utf8' COLLATE 'utf8_general_ci' NOT NULL,
    `CITY` VARCHAR(50) CHARACTER SET 'utf8' COLLATE 'utf8_general_ci' NOT NULL,
    `STATE_PROVINCE` VARCHAR(50) CHARACTER SET 'utf8' COLLATE 'utf8_general_ci' NOT NULL,
    `COUNTRY_ID` INT(2) NOT NULL,
    PRIMARY KEY (LOCATION_ID)
);

CREATE TABLE VAULT.DEPARTMENTS(
    `DEPARTMENT_ID` INT(4) NOT NULL AUTO_INCREMENT,
    `DEPARTMENT_NAME` VARCHAR(50) CHARACTER SET 'utf8' COLLATE 'utf8_general_ci' NOT NULL,
    `MANAGER_ID` INT(6),
    `LOCATION_ID` INT(4) NOT NULL,
    PRIMARY KEY(DEPARTMENT_ID)
);

CREATE TABLE VAULT.JOBS(
    `JOB_ID` INT(10) NOT NULL AUTO_INCREMENT,
    `JOB_TITLE` VARCHAR(50) CHARACTER SET 'utf8' COLLATE 'utf8_general_ci' NOT NULL,
    `MIN_SALARY` INT(6),
    `MAX_SALARY` INT(6),
    PRIMARY KEY(JOB_ID)
);

CREATE TABLE VAULT.JOB_HISTORY(
    `EMPLOYEE_ID` INT(6) NOT NULL AUTO_INCREMENT,
    `START_DATE` DATE NOT NULL,
    `END_DATE` DATE NOT NULL,
    `JOB_ID` INT(10) NOT NULL,
    `DEPARTMENT_ID` INT(4),
    PRIMARY KEY (EMPLOYEE_ID, START_DATE)
);

CREATE TABLE VAULT.EMPLOYEES(
    `EMPLOYEE_ID` INT(6) NOT NULL AUTO_INCREMENT,
    `FIRST_NAME` VARCHAR(50) CHARACTER SET 'utf8' COLLATE 'utf8_general_ci' NOT NULL,
    `LAST_NAME` VARCHAR(50) CHARACTER SET 'utf8' COLLATE 'utf8_general_ci' NOT NULL,
    `EMAIL` VARCHAR(50) CHARACTER SET 'utf8' COLLATE 'utf8_general_ci' NOT NULL,
    `PHONE_NUMBER` VARCHAR(20) CHARACTER SET 'utf8' COLLATE 'utf8_general_ci',
    `HIRE_DATE` DATE NOT NULL,
    `JOB_ID` INT(10) NOT NULL,
    `SALARY` DECIMAL(8,2),
    `COMMISSION_PCT` DECIMAL(6,2),
    `MANAGER_ID` INT,
    `DEPARTMENT_ID` INT(4),
    PRIMARY KEY (EMPLOYEE_ID)
);

/**** ALTERS ****/

ALTER TABLE VAULT.COUNTRIES
ADD CONSTRAINT FK_COUNTRIES_COUNTRY_ID_REGIONS
  FOREIGN KEY (REGION_ID)
  REFERENCES VAULT.REGIONS(REGION_ID);

ALTER TABLE VAULT.LOCATIONS
ADD CONSTRAINT FK_LOCATIONS_COUNTRY_ID_COUNTRIES
  FOREIGN KEY (COUNTRY_ID)
  REFERENCES VAULT.COUNTRIES(COUNTRY_ID);

/*ALTER TABLE VAULT.LOCATIONS
ADD CONSTRAINT FK_LOCATIONS_LOCATION_ID_DEPARTMENTS
  FOREIGN KEY (LOCATION_ID)
  REFERENCES VAULT.DEPARTMENTS(DEPARTMENT_ID);*/


ALTER TABLE VAULT.DEPARTMENTS
ADD CONSTRAINT FK_DEPARTMENTS_MANAGER_ID_EMPLOYEES
  FOREIGN KEY (MANAGER_ID)
  REFERENCES VAULT.EMPLOYEES(EMPLOYEE_ID);

ALTER TABLE VAULT.DEPARTMENTS
ADD CONSTRAINT FK_DEPARTMENTS_LOCATION_ID_LOCATIONS
  FOREIGN KEY (LOCATION_ID)
  REFERENCES VAULT.LOCATIONS(LOCATION_ID);


ALTER TABLE VAULT.JOB_HISTORY
ADD CONSTRAINT FK_JOB_HISTORY_JOB_ID_JOBS
  FOREIGN KEY (JOB_ID)
  REFERENCES VAULT.JOBS(JOB_ID);

ALTER TABLE VAULT.JOB_HISTORY
ADD CONSTRAINT FK_JOB_HISTORY_DEPARTMENT_ID_DEPARTMENTS
  FOREIGN KEY (DEPARTMENT_ID)
  REFERENCES VAULT.DEPARTMENTS(DEPARTMENT_ID);

ALTER TABLE VAULT.JOB_HISTORY
ADD CONSTRAINT FK_JOB_HISTORY_EMPLOYEE_ID_EMPLOYEES
  FOREIGN KEY (EMPLOYEE_ID)
  REFERENCES VAULT.EMPLOYEES(EMPLOYEE_ID);

ALTER TABLE VAULT.EMPLOYEES
ADD CONSTRAINT FK_EMPLOYEES_DEPARTMENT_ID_DEPARTMENTS
  FOREIGN KEY (DEPARTMENT_ID)
  REFERENCES VAULT.DEPARTMENTS(DEPARTMENT_ID);

ALTER TABLE VAULT.EMPLOYEES
ADD CONSTRAINT FK_EMPLOYEES_JOB_ID_JOBS
  FOREIGN KEY (JOB_ID)
  REFERENCES VAULT.JOBS(JOB_ID);


/*** INSERTS ***/
INSERT INTO VAULT.REGIONS (REGION_ID,REGION_NAME) VALUES (1,'África');
INSERT INTO VAULT.REGIONS (REGION_ID,REGION_NAME) VALUES (2,'América del Norte');
INSERT INTO VAULT.REGIONS (REGION_ID,REGION_NAME) VALUES (3,'Ámérica del Sur');
INSERT INTO VAULT.REGIONS (REGION_ID,REGION_NAME) VALUES (4,'Asia');
INSERT INTO VAULT.REGIONS (REGION_ID,REGION_NAME) VALUES (5,'Europa');
INSERT INTO VAULT.REGIONS (REGION_ID,REGION_NAME) VALUES (6,'Oceanía');

INSERT INTO VAULT.COUNTRIES (COUNTRY_ID,COUNTRY_NAME,REGION_ID) VALUES (1,'España',5);
INSERT INTO VAULT.COUNTRIES (COUNTRY_ID,COUNTRY_NAME,REGION_ID) VALUES (2,'Estados Unidos',2);
INSERT INTO VAULT.COUNTRIES (COUNTRY_ID,COUNTRY_NAME,REGION_ID) VALUES (3,'Argentina',3);
INSERT INTO VAULT.COUNTRIES (COUNTRY_ID,COUNTRY_NAME,REGION_ID) VALUES (4,'Brasil',3);
INSERT INTO VAULT.COUNTRIES (COUNTRY_ID,COUNTRY_NAME,REGION_ID) VALUES (5,'Francia',5);
INSERT INTO VAULT.COUNTRIES (COUNTRY_ID,COUNTRY_NAME,REGION_ID) VALUES (6,'Colombia',3);
INSERT INTO VAULT.COUNTRIES (COUNTRY_ID,COUNTRY_NAME,REGION_ID) VALUES (7,'Sudafrica',1);
INSERT INTO VAULT.COUNTRIES (COUNTRY_ID,COUNTRY_NAME,REGION_ID) VALUES (8,'Australia',6);
INSERT INTO VAULT.COUNTRIES (COUNTRY_ID,COUNTRY_NAME,REGION_ID) VALUES (9,'China',4);
INSERT INTO VAULT.COUNTRIES (COUNTRY_ID,COUNTRY_NAME,REGION_ID) VALUES (10,'Mexico',2);

INSERT INTO VAULT.LOCATIONS (LOCATION_ID,STREET_ADDRESS,POSTAL_CODE,CITY,STATE_PROVINCE,COUNTRY_ID) VALUES (1,'Suipacha 234','BA123','Ciudad Aut. Buenos Aires','Buenos Aires',3);
INSERT INTO VAULT.LOCATIONS (LOCATION_ID,STREET_ADDRESS,POSTAL_CODE,CITY,STATE_PROVINCE,COUNTRY_ID) VALUES (2,'Maipu 543','CO567','Ciudad de Córdoba','Córdoba',3);
INSERT INTO VAULT.LOCATIONS (LOCATION_ID,STREET_ADDRESS,POSTAL_CODE,CITY,STATE_PROVINCE,COUNTRY_ID) VALUES (3,'Lavalle 789','SF789','Rosario','Santa Fe',3);
INSERT INTO VAULT.LOCATIONS (LOCATION_ID,STREET_ADDRESS,POSTAL_CODE,CITY,STATE_PROVINCE,COUNTRY_ID) VALUES (4,'Cabildo 456','TU345','San Miguel de Tucumán','Tucumán',3);
INSERT INTO VAULT.LOCATIONS (LOCATION_ID,STREET_ADDRESS,POSTAL_CODE,CITY,STATE_PROVINCE,COUNTRY_ID) VALUES (5,'Guemes 321','SA987','Salta','Salta',3);

INSERT INTO VAULT.DEPARTMENTS (DEPARTMENT_ID,DEPARTMENT_NAME,MANAGER_ID,LOCATION_ID) VALUES (1,'Gerencia',NULL,1);
INSERT INTO VAULT.DEPARTMENTS (DEPARTMENT_ID,DEPARTMENT_NAME,MANAGER_ID,LOCATION_ID) VALUES (2,'Recursos Humanos',NULL,1);
INSERT INTO VAULT.DEPARTMENTS (DEPARTMENT_ID,DEPARTMENT_NAME,MANAGER_ID,LOCATION_ID) VALUES (3,'Marketing',NULL,1);
INSERT INTO VAULT.DEPARTMENTS (DEPARTMENT_ID,DEPARTMENT_NAME,MANAGER_ID,LOCATION_ID) VALUES (4,'Sistemas',NULL,1);
INSERT INTO VAULT.DEPARTMENTS (DEPARTMENT_ID,DEPARTMENT_NAME,MANAGER_ID,LOCATION_ID) VALUES (5,'Ventas',NULL,1);

INSERT INTO VAULT.JOBS (JOB_ID,JOB_TITLE,MIN_SALARY,MAX_SALARY) VALUES (1,'Gerente General','150000','200000');
INSERT INTO VAULT.JOBS (JOB_ID,JOB_TITLE,MIN_SALARY,MAX_SALARY) VALUES (2,'Director RRHH','90000','100000');
INSERT INTO VAULT.JOBS (JOB_ID,JOB_TITLE,MIN_SALARY,MAX_SALARY) VALUES (3,'Recruiter','40000','50000');
INSERT INTO VAULT.JOBS (JOB_ID,JOB_TITLE,MIN_SALARY,MAX_SALARY) VALUES (4,'Director Marketing','85000','95000');
INSERT INTO VAULT.JOBS (JOB_ID,JOB_TITLE,MIN_SALARY,MAX_SALARY) VALUES (5,'Publicista','38000','45000');
INSERT INTO VAULT.JOBS (JOB_ID,JOB_TITLE,MIN_SALARY,MAX_SALARY) VALUES (6,'Director Sistemas','88000','98000');
INSERT INTO VAULT.JOBS (JOB_ID,JOB_TITLE,MIN_SALARY,MAX_SALARY) VALUES (7,'Desarrollador','35000','50000');
INSERT INTO VAULT.JOBS (JOB_ID,JOB_TITLE,MIN_SALARY,MAX_SALARY) VALUES (8,'Director de Ventas','80000','110000');
INSERT INTO VAULT.JOBS (JOB_ID,JOB_TITLE,MIN_SALARY,MAX_SALARY) VALUES (9,'Vendedor','30000','40000');

INSERT INTO VAULT.EMPLOYEES (EMPLOYEE_ID,FIRST_NAME,LAST_NAME,EMAIL,PHONE_NUMBER,HIRE_DATE,JOB_ID,SALARY,COMMISSION_PCT,DEPARTMENT_ID) VALUES (1,'Esteban','Fuentes','efuentes@vault.com.ar','+541166554433','2000-06-18',1,'146220.24','9.8',1);
INSERT INTO VAULT.EMPLOYEES (EMPLOYEE_ID,FIRST_NAME,LAST_NAME,EMAIL,PHONE_NUMBER,HIRE_DATE,JOB_ID,SALARY,COMMISSION_PCT,DEPARTMENT_ID) VALUES (2,'Mariana','Guerrero','mguerrero@vault.com.ar','+541133445511','2001-10-24',2,'93146.10','2.1',2);
INSERT INTO VAULT.EMPLOYEES (EMPLOYEE_ID,FIRST_NAME,LAST_NAME,EMAIL,PHONE_NUMBER,HIRE_DATE,JOB_ID,SALARY,COMMISSION_PCT,DEPARTMENT_ID) VALUES (3,'Soledad','Garcia','sgarcia@vault.com.ar','+541122312311','2015-07-01',3,'42391.23','2.1',2);
INSERT INTO VAULT.EMPLOYEES (EMPLOYEE_ID,FIRST_NAME,LAST_NAME,EMAIL,PHONE_NUMBER,HIRE_DATE,JOB_ID,SALARY,COMMISSION_PCT,DEPARTMENT_ID) VALUES (4,'Fernanda','Santa Cruz','fsantacruz@vault.com.ar','+541132321414','2012-10-11',3,'48295.23','2.1',2);
INSERT INTO VAULT.EMPLOYEES (EMPLOYEE_ID,FIRST_NAME,LAST_NAME,EMAIL,PHONE_NUMBER,HIRE_DATE,JOB_ID,SALARY,COMMISSION_PCT,DEPARTMENT_ID) VALUES (5,'Roberto','Bueno','rbueno@vault.com.ar','+5411654643421','2006-04-29',4,'87097.06','8.31',3);
INSERT INTO VAULT.EMPLOYEES (EMPLOYEE_ID,FIRST_NAME,LAST_NAME,EMAIL,PHONE_NUMBER,HIRE_DATE,JOB_ID,SALARY,COMMISSION_PCT,DEPARTMENT_ID) VALUES (6,'Fabiana','Vazquez','fvazquez@vault.com.ar','+541144543424','2017-09-01',5,'38120.96','4.02',3);
INSERT INTO VAULT.EMPLOYEES (EMPLOYEE_ID,FIRST_NAME,LAST_NAME,EMAIL,PHONE_NUMBER,HIRE_DATE,JOB_ID,SALARY,COMMISSION_PCT,DEPARTMENT_ID) VALUES (7,'German','Baena','gbaena@vault.com.ar','+541124245657','2016-07-16',5,'39503.04','4.02',3);
INSERT INTO VAULT.EMPLOYEES (EMPLOYEE_ID,FIRST_NAME,LAST_NAME,EMAIL,PHONE_NUMBER,HIRE_DATE,JOB_ID,SALARY,COMMISSION_PCT,DEPARTMENT_ID) VALUES (8,'Liliana','Cino','lcino@vault.com.ar','+541154325432','2016-03-02',5,'39990.09','4.02',3);
INSERT INTO VAULT.EMPLOYEES (EMPLOYEE_ID,FIRST_NAME,LAST_NAME,EMAIL,PHONE_NUMBER,HIRE_DATE,JOB_ID,SALARY,COMMISSION_PCT,DEPARTMENT_ID) VALUES (9,'Matias','Lammens','mlammens@vault.com.ar','+541167670034','2004-08-25',6,'91034.10','9.4',4);
INSERT INTO VAULT.EMPLOYEES (EMPLOYEE_ID,FIRST_NAME,LAST_NAME,EMAIL,PHONE_NUMBER,HIRE_DATE,JOB_ID,SALARY,COMMISSION_PCT,DEPARTMENT_ID) VALUES (10,'Alejandra','Gonzalez','alegonzalez1@vault.com.ar','+541134567687','2015-12-22',7,'41122.33','3.98',4);
INSERT INTO VAULT.EMPLOYEES (EMPLOYEE_ID,FIRST_NAME,LAST_NAME,EMAIL,PHONE_NUMBER,HIRE_DATE,JOB_ID,SALARY,COMMISSION_PCT,DEPARTMENT_ID) VALUES (11,'Marcos','Rios','mrios@vault.com.ar','+541153662737','2016-02-01',7,'39088.11','3.98',4);
INSERT INTO VAULT.EMPLOYEES (EMPLOYEE_ID,FIRST_NAME,LAST_NAME,EMAIL,PHONE_NUMBER,HIRE_DATE,JOB_ID,SALARY,COMMISSION_PCT,DEPARTMENT_ID) VALUES (12,'Jorge','Nuñez','jnunez@vault.com.ar','+541150012354','2014-10-20',7,'43012.22','3.98',4);
INSERT INTO VAULT.EMPLOYEES (EMPLOYEE_ID,FIRST_NAME,LAST_NAME,EMAIL,PHONE_NUMBER,HIRE_DATE,JOB_ID,SALARY,COMMISSION_PCT,DEPARTMENT_ID) VALUES (13,'Alvaro','Gonzalez','alvarogonzalez1@vault.com.ar','+541156103465','2017-11-18',7,'35909.01','3.98',4);
INSERT INTO VAULT.EMPLOYEES (EMPLOYEE_ID,FIRST_NAME,LAST_NAME,EMAIL,PHONE_NUMBER,HIRE_DATE,JOB_ID,SALARY,COMMISSION_PCT,DEPARTMENT_ID) VALUES (14,'Pablo','Grecco','pgrecco@vault.com.ar','+541154643223','2018-03-01',7,'35193.90','3.98',4);
INSERT INTO VAULT.EMPLOYEES (EMPLOYEE_ID,FIRST_NAME,LAST_NAME,EMAIL,PHONE_NUMBER,HIRE_DATE,JOB_ID,SALARY,COMMISSION_PCT,DEPARTMENT_ID) VALUES (15,'Emilio','Cano','ecano@vault.com.ar','+541120607783','2008-10-16',8,'109140.43','8.9',5);
INSERT INTO VAULT.EMPLOYEES (EMPLOYEE_ID,FIRST_NAME,LAST_NAME,EMAIL,PHONE_NUMBER,HIRE_DATE,JOB_ID,SALARY,COMMISSION_PCT,DEPARTMENT_ID) VALUES (16,'Maria','Moreno','mmoreno@vault.com.ar','+541159978612','2008-03-17',9,'36713.09','1.9',5);
INSERT INTO VAULT.EMPLOYEES (EMPLOYEE_ID,FIRST_NAME,LAST_NAME,EMAIL,PHONE_NUMBER,HIRE_DATE,JOB_ID,SALARY,COMMISSION_PCT,DEPARTMENT_ID) VALUES (17,'Martin','Justo','mjusto@vault.com.ar','+541151234554','2015-02-12',9,'39406.07','1.9',5);
INSERT INTO VAULT.EMPLOYEES (EMPLOYEE_ID,FIRST_NAME,LAST_NAME,EMAIL,PHONE_NUMBER,HIRE_DATE,JOB_ID,SALARY,COMMISSION_PCT,DEPARTMENT_ID) VALUES (18,'Emilia','Arce','earce@vault.com.ar','+541123346556','2016-03-29',9,'37606.68','1.9',5);
INSERT INTO VAULT.EMPLOYEES (EMPLOYEE_ID,FIRST_NAME,LAST_NAME,EMAIL,PHONE_NUMBER,HIRE_DATE,JOB_ID,SALARY,COMMISSION_PCT,DEPARTMENT_ID) VALUES (19,'Candelaria','Gomez','cgomez@vault.com.ar','+541122023463','2017-05-15',9,'33876.36','1.9',5);
INSERT INTO VAULT.EMPLOYEES (EMPLOYEE_ID,FIRST_NAME,LAST_NAME,EMAIL,PHONE_NUMBER,HIRE_DATE,JOB_ID,SALARY,COMMISSION_PCT,DEPARTMENT_ID) VALUES (20,'Gabriel','Dellapaolera','gdellapaolera@vault.com.ar','+541164471231','2016-01-20',9,'35637.01','1.9',5);
INSERT INTO VAULT.EMPLOYEES (EMPLOYEE_ID,FIRST_NAME,LAST_NAME,EMAIL,PHONE_NUMBER,HIRE_DATE,JOB_ID,SALARY,COMMISSION_PCT,DEPARTMENT_ID) VALUES (21,'Ezequiel','Palacios','epalacios@vault.com.ar','+541151156089','2017-09-02',9,'32459.19','1.9',5);
INSERT INTO VAULT.EMPLOYEES (EMPLOYEE_ID,FIRST_NAME,LAST_NAME,EMAIL,PHONE_NUMBER,HIRE_DATE,JOB_ID,SALARY,COMMISSION_PCT,DEPARTMENT_ID) VALUES (22,'Marcela','Araujo','maraujovault.com.ar','+541165789011','2017-09-10',3,'40925.03','2.1',2);
INSERT INTO VAULT.EMPLOYEES (EMPLOYEE_ID,FIRST_NAME,LAST_NAME,EMAIL,PHONE_NUMBER,HIRE_DATE,JOB_ID,SALARY,COMMISSION_PCT,DEPARTMENT_ID) VALUES (23,'Alejandro','Mereles','amereles@vault.com.ar','+541136456877','2018-10-19',7,'31922.03','3.98',4);
INSERT INTO VAULT.EMPLOYEES (EMPLOYEE_ID,FIRST_NAME,LAST_NAME,EMAIL,PHONE_NUMBER,HIRE_DATE,JOB_ID,SALARY,COMMISSION_PCT,DEPARTMENT_ID) VALUES (24,'Hernan','Boccino','hboccino@vault.com.ar','+541169578126','2018-10-19',9,'30713.99','1.9',5);

INSERT INTO VAULT.JOB_HISTORY (EMPLOYEE_ID,START_DATE,END_DATE,JOB_ID,DEPARTMENT_ID) VALUES (4,'2012-11-10','2017-08-22',3,2);
INSERT INTO VAULT.JOB_HISTORY (EMPLOYEE_ID,START_DATE,END_DATE,JOB_ID,DEPARTMENT_ID) VALUES (10,'2015-12-22','2018-09-19',7,4);
INSERT INTO VAULT.JOB_HISTORY (EMPLOYEE_ID,START_DATE,END_DATE,JOB_ID,DEPARTMENT_ID) VALUES (16,'2008-03-17','2018-09-25',9,5);



/*
MODIFICACIONES

- FK LOCATION_ID: LOCATION_ID(DEPARTMENTS) --> LOCATION_ID(LOCATIONS)
- FK MANAGER_ID --> EMPLOYEE_ID (EMPLOYEES): NO LA AGREGUÉ YA QUE NO PERMITIRÍA NINGUNA INSERSIÓN
*/
